order_id,customer_id,product_id,order_date,sales
ORD10001,C1040,P1013,00:00.0,32563.93
ORD10002,C1057,P1029,00:00.0,22684.01
ORD10003,C1032,P1008,00:00.0,17036.66
ORD10004,C1076,P1018,00:00.0,29504.32
ORD10005,C1001,P1003,00:00.0,31628.93
ORD10006,C1030,P1003,00:00.0,43009.84
ORD10007,C1010,P1017,00:00.0,14068.17
ORD10008,C1063,P1007,00:00.0,6789.13
ORD10009,C1074,P1019,00:00.0,12301.26
ORD10010,C1061,P1026,00:00.0,9682.41
ORD10011,C1013,P1022,00:00.0,17844.02
ORD10012,C1053,P1015,00:00.0,33733.55
ORD10013,C1083,P1004,00:00.0,20250.54
ORD10014,C1044,P1026,00:00.0,12583.09
ORD10015,C1025,P1018,00:00.0,7181.08
ORD10016,C1024,P1009,00:00.0,12640.36
ORD10017,C1010,P1015,00:00.0,5075.85
ORD10018,C1084,P1018,00:00.0,48456.01
ORD10019,C1097,P1028,00:00.0,8482.29
ORD10020,C1063,P1016,00:00.0,43259.59
ORD10021,C1008,P1006,00:00.0,307.34
ORD10022,C1050,P1009,00:00.0,14405.41
ORD10023,C1090,P1024,00:00.0,33161.19
ORD10024,C1063,P1005,00:00.0,14976.05
ORD10025,C1008,P1019,00:00.0,3235.69
ORD10026,C1041,P1002,00:00.0,29292.04
ORD10027,C1065,P1030,00:00.0,8040.15
ORD10028,C1066,P1003,00:00.0,3612.36
ORD10029,C1009,P1022,00:00.0,20308.02
ORD10030,C1073,P1008,00:00.0,29807.05
ORD10031,C1080,P1003,00:00.0,32937.18
ORD10032,C1073,P1017,00:00.0,46748.37
ORD10033,C1027,P1022,00:00.0,12086.56
ORD10034,C1051,P1005,00:00.0,32345.94
ORD10035,C1059,P1011,00:00.0,663.91
ORD10036,C1080,P1019,00:00.0,3848.38
ORD10037,C1028,P1017,00:00.0,6796.34
ORD10038,C1045,P1029,00:00.0,43987.66
ORD10039,C1048,P1010,00:00.0,22021.59
ORD10040,C1070,P1023,00:00.0,30661.55
ORD10041,C1084,P1017,00:00.0,33459.59
ORD10042,C1071,P1010,00:00.0,5358.61
ORD10043,C1018,P1009,00:00.0,44507.69
ORD10044,C1096,P1018,00:00.0,13762.94
ORD10045,C1078,P1007,00:00.0,10339.15
ORD10046,C1082,P1028,00:00.0,25369.37
ORD10047,C1033,P1029,00:00.0,4796.46
ORD10048,C1055,P1027,00:00.0,2395.52
ORD10049,C1043,P1025,00:00.0,31928.25
ORD10050,C1034,P1006,00:00.0,27673.68
ORD10051,C1055,P1018,00:00.0,5771.32
ORD10052,C1089,P1029,00:00.0,27370.4
ORD10053,C1048,P1019,00:00.0,7575.07
ORD10054,C1017,P1002,00:00.0,18359.65
ORD10055,C1006,P1029,00:00.0,10661.81
ORD10056,C1032,P1022,00:00.0,17813.2
ORD10057,C1072,P1029,00:00.0,48697.08
ORD10058,C1096,P1005,00:00.0,43257.36
ORD10059,C1023,P1029,00:00.0,1434.36
ORD10060,C1095,P1030,00:00.0,39162.85
ORD10061,C1053,P1026,00:00.0,43230.39
ORD10062,C1032,P1009,00:00.0,39411.25
ORD10063,C1014,P1013,00:00.0,42957.94
ORD10064,C1029,P1007,00:00.0,17612.99
ORD10065,C1030,P1008,00:00.0,33069.65
ORD10066,C1052,P1011,00:00.0,43244.78
ORD10067,C1099,P1009,00:00.0,32145.79
ORD10068,C1052,P1022,00:00.0,16691.26
ORD10069,C1004,P1004,00:00.0,9092.68
ORD10070,C1034,P1002,00:00.0,29909.25
ORD10071,C1045,P1024,00:00.0,21932.42
ORD10072,C1066,P1004,00:00.0,44995.34
ORD10073,C1025,P1009,00:00.0,35497.51
ORD10074,C1001,P1017,00:00.0,34405.49
ORD10075,C1095,P1024,00:00.0,10012.35
ORD10076,C1056,P1003,00:00.0,46054.39
ORD10077,C1080,P1011,00:00.0,42431.16
ORD10078,C1093,P1029,00:00.0,25454.7
ORD10079,C1086,P1014,00:00.0,20239.54
ORD10080,C1038,P1018,00:00.0,9753.64
ORD10081,C1086,P1013,00:00.0,37457.1
ORD10082,C1023,P1020,00:00.0,15187.3
ORD10083,C1071,P1027,00:00.0,15332.97
ORD10084,C1027,P1014,00:00.0,30411.75
ORD10085,C1042,P1015,00:00.0,22219.56
ORD10086,C1028,P1017,00:00.0,39728.02
ORD10087,C1095,P1006,00:00.0,4422.82
ORD10088,C1066,P1022,00:00.0,31039.19
ORD10089,C1012,P1027,00:00.0,33705.22
ORD10090,C1029,P1026,00:00.0,7538.23
ORD10091,C1006,P1008,00:00.0,30641.44
ORD10092,C1099,P1003,00:00.0,20839.16
ORD10093,C1081,P1019,00:00.0,35973.63
ORD10094,C1050,P1016,00:00.0,12350.43
ORD10095,C1084,P1023,00:00.0,44654.46
ORD10096,C1099,P1029,00:00.0,38965.34
ORD10097,C1029,P1006,00:00.0,25994.3
ORD10098,C1007,P1018,00:00.0,45890.01
ORD10099,C1016,P1015,00:00.0,40110.55
ORD10100,C1086,P1017,00:00.0,29853.53
ORD10101,C1097,P1029,00:00.0,30710.09
ORD10102,C1093,P1029,00:00.0,21451.69
ORD10103,C1071,P1015,00:00.0,37234.04
ORD10104,C1061,P1015,00:00.0,37638.48
ORD10105,C1082,P1009,00:00.0,24332.93
ORD10106,C1031,P1009,00:00.0,4058.67
ORD10107,C1037,P1008,00:00.0,16925.21
ORD10108,C1070,P1003,00:00.0,7711.37
ORD10109,C1050,P1023,00:00.0,35379.67
ORD10110,C1009,P1014,00:00.0,16677.89
ORD10111,C1060,P1014,00:00.0,10500.35
ORD10112,C1054,P1013,00:00.0,47313.89
ORD10113,C1003,P1028,00:00.0,19142.98
ORD10114,C1001,P1012,00:00.0,37723.06
ORD10115,C1054,P1018,00:00.0,40033.43
ORD10116,C1029,P1016,00:00.0,13792.18
ORD10117,C1063,P1001,00:00.0,16939.25
ORD10118,C1087,P1026,00:00.0,36264.23
ORD10119,C1060,P1030,00:00.0,49039.95
ORD10120,C1069,P1001,00:00.0,29676.26
ORD10121,C1085,P1001,00:00.0,32208.93
ORD10122,C1018,P1028,00:00.0,9250.11
ORD10123,C1034,P1013,00:00.0,10740.68
ORD10124,C1042,P1011,00:00.0,14057.18
ORD10125,C1054,P1009,00:00.0,23621.28
ORD10126,C1096,P1018,00:00.0,49995.41
ORD10127,C1045,P1008,00:00.0,3617.19
ORD10128,C1084,P1002,00:00.0,47490.66
ORD10129,C1026,P1027,00:00.0,31142.52
ORD10130,C1031,P1005,00:00.0,33539.05
ORD10131,C1073,P1007,00:00.0,35033.36
ORD10132,C1099,P1012,00:00.0,30373.46
ORD10133,C1096,P1023,00:00.0,38934.04
ORD10134,C1021,P1010,00:00.0,29018.5
ORD10135,C1040,P1019,00:00.0,45419.7
ORD10136,C1049,P1013,00:00.0,3984.62
ORD10137,C1089,P1027,00:00.0,12293.9
ORD10138,C1090,P1025,00:00.0,42544.6
ORD10139,C1077,P1026,00:00.0,39852.12
ORD10140,C1073,P1026,00:00.0,17490.75
ORD10141,C1055,P1022,00:00.0,3634.05
ORD10142,C1083,P1011,00:00.0,42508.87
ORD10143,C1063,P1004,00:00.0,48047.22
ORD10144,C1082,P1029,00:00.0,35423.97
ORD10145,C1056,P1006,00:00.0,48280.59
ORD10146,C1035,P1020,00:00.0,38777.14
ORD10147,C1060,P1014,00:00.0,13566.1
ORD10148,C1032,P1027,00:00.0,14090.63
ORD10149,C1058,P1008,00:00.0,28578.51
ORD10150,C1086,P1013,00:00.0,1629.26
ORD10151,C1042,P1006,00:00.0,10763.57
ORD10152,C1034,P1011,00:00.0,44039.93
ORD10153,C1090,P1029,00:00.0,27878.39
ORD10154,C1067,P1007,00:00.0,12219.53
ORD10155,C1053,P1016,00:00.0,37956.6
ORD10156,C1089,P1016,00:00.0,35649.75
ORD10157,C1058,P1026,00:00.0,4834.06
ORD10158,C1029,P1013,00:00.0,12316.6
ORD10159,C1085,P1019,00:00.0,23768.37
ORD10160,C1068,P1012,00:00.0,49832.25
ORD10161,C1071,P1011,00:00.0,35202.18
ORD10162,C1035,P1010,00:00.0,11680.79
ORD10163,C1093,P1007,00:00.0,6153.83
ORD10164,C1069,P1025,00:00.0,9420.46
ORD10165,C1028,P1024,00:00.0,13969.68
ORD10166,C1076,P1025,00:00.0,29920.18
ORD10167,C1013,P1027,00:00.0,14953.07
ORD10168,C1047,P1006,00:00.0,904.59
ORD10169,C1069,P1005,00:00.0,2466.68
ORD10170,C1007,P1018,00:00.0,34931.39
ORD10171,C1017,P1021,00:00.0,5308.86
ORD10172,C1002,P1019,00:00.0,23575.97
ORD10173,C1057,P1011,00:00.0,48281.78
ORD10174,C1033,P1028,00:00.0,5881.54
ORD10175,C1009,P1013,00:00.0,3889.29
ORD10176,C1081,P1022,00:00.0,7756
ORD10177,C1073,P1010,00:00.0,49697.12
ORD10178,C1016,P1018,00:00.0,30394.62
ORD10179,C1080,P1008,00:00.0,19142.83
ORD10180,C1057,P1010,00:00.0,49503.56
ORD10181,C1040,P1019,00:00.0,3199.47
ORD10182,C1095,P1004,00:00.0,31350.65
ORD10183,C1034,P1022,00:00.0,8021.44
ORD10184,C1023,P1018,00:00.0,7995.32
ORD10185,C1053,P1015,00:00.0,29771.8
ORD10186,C1038,P1002,00:00.0,14547.62
ORD10187,C1037,P1023,00:00.0,3744.75
ORD10188,C1030,P1030,00:00.0,39433.84
ORD10189,C1081,P1019,00:00.0,40234.5
ORD10190,C1026,P1014,00:00.0,27319.21
ORD10191,C1083,P1005,00:00.0,41366.23
ORD10192,C1010,P1002,00:00.0,39672.9
ORD10193,C1077,P1024,00:00.0,46075.39
ORD10194,C1057,P1004,00:00.0,34496.16
ORD10195,C1090,P1013,00:00.0,25123.51
ORD10196,C1064,P1015,00:00.0,29982.23
ORD10197,C1056,P1024,00:00.0,30264.94
ORD10198,C1004,P1003,00:00.0,48103.17
ORD10199,C1074,P1019,00:00.0,49978.71
ORD10200,C1087,P1027,00:00.0,28897.1
ORD10201,C1098,P1025,00:00.0,23630.94
ORD10202,C1084,P1015,00:00.0,9238.16
ORD10203,C1075,P1014,00:00.0,40749.4
ORD10204,C1012,P1016,00:00.0,20535.74
ORD10205,C1042,P1022,00:00.0,42915.11
ORD10206,C1043,P1014,00:00.0,24874.36
ORD10207,C1085,P1013,00:00.0,2027.52
ORD10208,C1012,P1011,00:00.0,16299.03
ORD10209,C1099,P1013,00:00.0,41281.37
ORD10210,C1001,P1022,00:00.0,23206.42
ORD10211,C1007,P1007,00:00.0,18216.61
ORD10212,C1097,P1016,00:00.0,22213.64
ORD10213,C1007,P1007,00:00.0,27551.14
ORD10214,C1037,P1015,00:00.0,24338.65
ORD10215,C1004,P1021,00:00.0,40005.82
ORD10216,C1091,P1006,00:00.0,27631.78
ORD10217,C1071,P1014,00:00.0,11390.09
ORD10218,C1015,P1015,00:00.0,32455.94
ORD10219,C1020,P1016,00:00.0,25541.83
ORD10220,C1035,P1014,00:00.0,49016.18
ORD10221,C1032,P1015,00:00.0,7403.17
ORD10222,C1025,P1030,00:00.0,25510.4
ORD10223,C1018,P1028,00:00.0,13957.12
ORD10224,C1054,P1011,00:00.0,13505.2
ORD10225,C1001,P1010,00:00.0,41906.3
ORD10226,C1075,P1022,00:00.0,43289.98
ORD10227,C1058,P1018,00:00.0,17387.17
ORD10228,C1071,P1025,00:00.0,18985.06
ORD10229,C1042,P1028,00:00.0,49042.58
ORD10230,C1031,P1019,00:00.0,11831.41
ORD10231,C1100,P1014,00:00.0,16045.18
ORD10232,C1061,P1023,00:00.0,19426.72
ORD10233,C1085,P1026,00:00.0,49044.74
ORD10234,C1064,P1002,00:00.0,25214.1
ORD10235,C1076,P1011,00:00.0,43734.68
ORD10236,C1057,P1004,00:00.0,45540
ORD10237,C1002,P1024,00:00.0,20616.94
ORD10238,C1084,P1005,00:00.0,23580.63
ORD10239,C1034,P1011,00:00.0,34696.69
ORD10240,C1084,P1003,00:00.0,42646.6
ORD10241,C1069,P1013,00:00.0,31414.6
ORD10242,C1098,P1016,00:00.0,1987.78
ORD10243,C1009,P1008,00:00.0,34283.1
ORD10244,C1037,P1008,00:00.0,21811.78
ORD10245,C1013,P1025,00:00.0,35253.76
ORD10246,C1013,P1015,00:00.0,34761.26
ORD10247,C1004,P1002,00:00.0,39847.94
ORD10248,C1038,P1012,00:00.0,21648.2
ORD10249,C1032,P1017,00:00.0,28383.22
ORD10250,C1024,P1006,00:00.0,4132.62
ORD10251,C1049,P1020,00:00.0,12193.32
ORD10252,C1075,P1005,00:00.0,23165.27
ORD10253,C1033,P1015,00:00.0,33408.67
ORD10254,C1060,P1029,00:00.0,33945.02
ORD10255,C1021,P1003,00:00.0,47272.73
ORD10256,C1076,P1010,00:00.0,48109.05
ORD10257,C1089,P1009,00:00.0,42296.14
ORD10258,C1026,P1013,00:00.0,5511.33
ORD10259,C1049,P1019,00:00.0,28825.63
ORD10260,C1090,P1010,00:00.0,48901.64
ORD10261,C1085,P1013,00:00.0,603.28
ORD10262,C1088,P1025,00:00.0,45548.72
ORD10263,C1096,P1016,00:00.0,38831.9
ORD10264,C1030,P1020,00:00.0,11106.43
ORD10265,C1025,P1020,00:00.0,33952.67
ORD10266,C1093,P1025,00:00.0,34106.58
ORD10267,C1018,P1021,00:00.0,45189.5
ORD10268,C1083,P1002,00:00.0,39472.8
ORD10269,C1005,P1019,00:00.0,36671.52
ORD10270,C1012,P1030,00:00.0,16470.61
ORD10271,C1054,P1006,00:00.0,6781.56
ORD10272,C1070,P1029,00:00.0,26636.45
ORD10273,C1035,P1027,00:00.0,12997.11
ORD10274,C1062,P1026,00:00.0,37378.66
ORD10275,C1044,P1026,00:00.0,23522.9
ORD10276,C1010,P1005,00:00.0,43035
ORD10277,C1093,P1022,00:00.0,48370.03
ORD10278,C1072,P1012,00:00.0,39575.96
ORD10279,C1002,P1009,00:00.0,6354.72
ORD10280,C1048,P1022,00:00.0,13255.64
ORD10281,C1049,P1027,00:00.0,47026.54
ORD10282,C1014,P1022,00:00.0,23679.55
ORD10283,C1080,P1029,00:00.0,16534.71
ORD10284,C1079,P1008,00:00.0,3348.21
ORD10285,C1060,P1030,00:00.0,15249.07
ORD10286,C1053,P1004,00:00.0,2458.27
ORD10287,C1005,P1010,00:00.0,5982.8
ORD10288,C1031,P1029,00:00.0,6956.07
ORD10289,C1059,P1012,00:00.0,47479.16
ORD10290,C1090,P1018,00:00.0,29449.55
ORD10291,C1094,P1005,00:00.0,32815.11
ORD10292,C1063,P1020,00:00.0,46964.84
ORD10293,C1036,P1002,00:00.0,18652.39
ORD10294,C1057,P1015,00:00.0,42801.42
ORD10295,C1013,P1022,00:00.0,27314.4
ORD10296,C1083,P1012,00:00.0,20027.35
ORD10297,C1025,P1004,00:00.0,4765.34
ORD10298,C1028,P1021,00:00.0,29937.87
ORD10299,C1003,P1002,00:00.0,12329.73
ORD10300,C1017,P1026,00:00.0,10419.24
